	isPathogenic	count	isRejected	S13	S7	S8	S1	S2	S3	S5	S9	S10	S11	S12	S14	S15	S16	S17
chr11:108098460A>G	0	0	unwanted consequence	0.00	0.00	0.00	0.00	0.00	0.00	0.00	0.00	0.00	0.00	0.00	0.00	0.00	0.00	0.00
chr11:108115463T>C	0	0	unwanted consequence	0.00	0.00	0.00	0.01	0.00	0.00	0.00	0.00	0.00	0.00	0.00	0.00	0.00	0.00	0.01
chr11:108115481T>G	0	0	unwanted consequence	0.00	0.00	0.00	0.00	0.00	0.00	0.00	0.00	0.00	0.00	0.00	0.00	0.00	0.00	0.00
chr11:108115661G>A	0	0	0.00	0.00	0.00	0.00	0.00	0.00	0.00	0.00	0.00	0.00	0.00	0.00	0.00	0.01	0.00	0.00
chr11:108117678T>C	0	0	unwanted consequence	0.01	0.00	0.01	0.00	0.00	0.00	0.00	0.00	0.00	0.00	0.00	0.00	0.00	0.00	0.00
chr11:108121329C>T	0	0	unwanted consequence	0.00	0.00	0.00	0.00	0.00	0.00	0.00	0.00	0.00	0.00	0.00	0.00	0.00	0.00	0.00
chr11:108121331A>T	0	0	unwanted consequence	0.00	0.00	0.00	0.00	0.00	0.00	0.00	0.00	0.00	0.00	0.00	0.00	0.00	0.00	0.00
chr11:108121358C>T	0	0	unwanted consequence	0.00	0.01	0.00	0.01	0.00	0.00	0.00	0.01	0.00	0.00	0.00	0.00	0.00	0.00	0.00
chr11:108121360A>T	0	0	unwanted consequence	0.00	0.00	0.00	0.00	0.00	0.00	0.00	0.00	0.01	0.00	0.00	0.00	0.00	0.00	0.00
chr11:108121364A>T	0	0	unwanted consequence	0.00	0.00	0.00	0.00	0.00	0.00	0.00	0.00	0.00	0.00	0.00	0.00	0.00	0.00	0.00
chr11:108121374A>T	0	0	unwanted consequence	0.00	0.00	0.00	0.00	0.00	0.00	0.00	0.00	0.00	0.00	0.00	0.00	0.00	0.00	0.00
chr11:108121379G>T	0	0	unwanted consequence	0.00	0.00	0.00	0.00	0.00	0.00	0.00	0.00	0.00	0.00	0.00	0.00	0.00	0.00	0.00
chr11:108121382A>G	0	0	unwanted consequence	0.00	0.00	0.00	0.00	0.00	0.00	0.00	0.00	0.01	0.00	0.00	0.00	0.00	0.00	0.00
chr11:108121385G>C	0	0	unwanted consequence	0.01	0.01	0.01	0.02	0.02	0.01	0.01	0.02	0.01	0.06	0.01	0.00	0.04	0.00	0.01
chr11:108121407A>T	0	0	unwanted consequence	0.00	0.00	0.00	0.00	0.00	0.00	0.00	0.00	0.00	0.00	0.00	0.00	0.00	0.00	0.00
chr11:108121410C>CTT	0	0	high TOPMED frequency (threshold 0.3%)	0.04	0.03	0.04	0.01	0.07	0.02	0.03	0.06	0.06	0.08	0.05	0.01	0.07	0.01	0.03
chr11:108121426A>T	0	0	0.00	0.00	0.00	0.00	0.00	0.01	0.00	0.00	0.00	0.00	0.00	0.00	0.00	0.00	0.00	0.00
chr11:108121430T>A	0	0	0.00	0.00	0.00	0.00	0.01	0.00	0.00	0.00	0.01	0.01	0.00	0.00	0.00	0.00	0.00	0.00
chr11:108121435A>T	0	0	0.00	0.00	0.01	0.00	0.00	0.01	0.01	0.00	0.00	0.00	0.00	0.00	0.03	0.00	0.00	0.00
chr11:108121458G>T	0	0	0.00	0.00	0.00	0.01	0.01	0.00	0.00	0.00	0.00	0.00	0.00	0.00	0.00	0.00	0.00	0.00
chr11:108121482T>G	0	0	0.00	0.00	0.00	0.00	0.00	0.00	0.00	0.00	0.00	0.00	0.00	0.00	0.00	0.00	0.00	0.00
chr11:108121491T>C	0	0	unwanted consequence	0.01	0.00	0.01	0.01	0.00	0.00	0.00	0.00	0.00	0.00	0.00	0.00	0.00	0.00	0.00
chr11:108121505T>A	0	0	0.00	0.00	0.00	0.00	0.00	0.00	0.00	0.00	0.00	0.00	0.00	0.00	0.00	0.00	0.00	0.00
chr11:108121512T>C	0	0	unwanted consequence	0.00	0.00	0.00	0.01	0.00	0.00	0.01	0.00	0.00	0.00	0.00	0.00	0.00	0.00	0.00
chr11:108121534C>G	0	0	0.00	0.12	0.02	0.07	0.11	0.10	0.02	0.03	0.08	0.07	0.22	0.07	0.00	0.15	0.02	0.06
chr11:108122554T>C	0	0	unwanted consequence	0.01	0.00	0.00	0.00	0.00	0.00	0.00	0.01	0.00	0.01	0.01	0.04	0.00	0.00	0.00
chr11:108123662T>C	0	0	unwanted consequence	0.00	0.00	0.01	0.00	0.00	0.00	0.00	0.00	0.00	0.01	0.00	0.00	0.00	0.00	0.00
chr11:108141790G>T	0	0	0.00	0.00	0.00	0.00	0.00	0.00	0.00	0.00	0.00	0.00	0.00	0.00	0.00	0.00	0.00	0.00
chr11:108141799G>T	0	0	0.00	0.00	0.00	0.00	0.00	0.00	0.00	0.00	0.00	0.00	0.00	0.00	0.00	0.00	0.00	0.00
chr11:108141952G>T	0	0	unwanted consequence	0.00	0.00	0.00	0.00	0.00	0.00	0.00	0.00	0.00	0.00	0.00	0.00	0.00	0.00	0.00
chr11:108141955C>CT	0	0	high TOPMED frequency (threshold 0.3%)	0.05	0.09	0.07	0.06	0.05	0.08	0.06	0.05	0.06	0.04	0.12	0.12	0.05	0.05	0.08
chr11:108141971A>T	0	0	0.00	0.00	0.00	0.00	0.00	0.00	0.00	0.00	0.00	0.00	0.00	0.00	0.00	0.00	0.00	0.00
chr11:108143177A>G	0	0	unwanted consequence	0.00	0.00	0.01	0.00	0.00	0.00	0.00	0.00	0.00	0.00	0.00	0.00	0.00	0.00	0.01
chr11:108150373C>T	0	0	unwanted consequence	0.00	0.00	0.00	0.00	0.01	0.00	0.00	0.00	0.00	0.00	0.00	0.00	0.00	0.00	0.00
chr11:108153662A>G	0	0	unwanted consequence	0.00	0.00	0.00	0.00	0.01	0.00	0.00	0.00	0.00	0.00	0.00	0.00	0.00	0.00	0.00
chr11:108160324T>C	0	0	0.00	0.00	0.00	0.00	0.00	0.01	0.01	0.00	0.00	0.00	0.00	0.00	0.00	0.00	0.00	0.00
chr11:108173666T>G	0	0	0.00	0.00	0.00	0.00	0.00	0.00	0.00	0.00	0.00	0.00	0.00	0.00	0.00	0.00	0.00	0.00
chr11:108173670A>T	0	0	0.00	0.00	0.00	0.00	0.00	0.00	0.00	0.00	0.00	0.00	0.00	0.00	0.00	0.00	0.00	0.00
chr11:108175509A>T	0	0	unwanted consequence	0.00	0.00	0.00	0.00	0.00	0.00	0.00	0.00	0.00	0.00	0.00	0.00	0.00	0.00	0.00
chr11:108175516A>C	0	0	0.00	0.00	0.00	0.00	0.00	0.00	0.00	0.00	0.00	0.00	0.00	0.00	0.00	0.00	0.00	0.00
chr11:108175519A>G	0	0	0.00	0.00	0.00	0.00	0.00	0.00	0.00	0.00	0.00	0.00	0.00	0.00	0.00	0.00	0.01	0.00
chr11:108175525C>T	0	0	0.00	0.00	0.00	0.00	0.00	0.00	0.00	0.00	0.00	0.00	0.00	0.00	0.00	0.00	0.00	0.00
chr11:108175532A>C	0	0	0.00	0.00	0.00	0.01	0.00	0.00	0.00	0.00	0.01	0.01	0.01	0.00	0.00	0.00	0.00	0.00
chr11:108175537T>C	0	0	0.00	0.00	0.00	0.00	0.00	0.00	0.00	0.00	0.00	0.01	0.00	0.00	0.01	0.00	0.00	0.01
chr11:108175540C>A	0	0	0.00	0.00	0.00	0.00	0.00	0.00	0.00	0.00	0.00	0.00	0.00	0.00	0.00	0.00	0.00	0.00
chr11:108175543A>C	0	0	0.00	0.00	0.00	0.00	0.01	0.00	0.00	0.01	0.00	0.00	0.00	0.00	0.00	0.00	0.00	0.00
chr11:108178609AT>A	0	0	unwanted consequence	0.00	0.00	0.00	0.00	0.00	0.00	0.00	0.01	0.01	0.00	0.00	0.00	0.00	0.00	0.00
chr11:108178615G>C	0	0	unwanted consequence	0.00	0.00	0.00	0.00	0.00	0.00	0.00	0.00	0.00	0.00	0.00	0.00	0.00	0.00	0.00
chr11:108180833T>C	0	0	unwanted consequence	0.00	0.00	0.00	0.00	0.00	0.00	0.00	0.00	0.00	0.00	0.00	0.01	0.01	0.00	0.00
chr11:108180854A>G	0	0	unwanted consequence	0.00	0.00	0.00	0.00	0.01	0.00	0.00	0.00	0.00	0.00	0.00	0.00	0.00	0.01	0.00
chr11:108183186G>C	0	0	0.00	0.00	0.00	0.00	0.00	0.00	0.00	0.00	0.00	0.00	0.00	0.00	0.00	0.00	0.00	0.00
chr11:108198249C>CT	0	0	unwanted consequence	0.08	0.00	0.06	0.02	0.00	0.05	0.00	0.03	0.07	0.04	0.05	0.00	0.02	0.00	0.00
chr11:108198267C>T	0	0	unwanted consequence	0.00	0.00	0.00	0.00	0.02	0.00	0.00	0.00	0.00	0.00	0.00	0.08	0.00	0.00	0.00
chr11:108216493A>T	0	0	0.00	0.00	0.00	0.00	0.00	0.00	0.00	0.00	0.00	0.00	0.00	0.00	0.00	0.00	0.00	0.00
chr11:108218087A>T	0	0	0.00	0.00	0.00	0.00	0.00	0.00	0.00	0.00	0.00	0.00	0.00	0.00	0.00	0.00	0.00	0.00
chr11:108225461T>G	0	0	unwanted consequence	0.00	0.00	0.00	0.00	0.00	0.00	0.00	0.00	0.00	0.00	0.00	0.00	0.00	0.00	0.00
chr11:108225496G>T	0	0	unwanted consequence	0.00	0.00	0.00	0.00	0.00	0.00	0.00	0.00	0.00	0.00	0.00	0.00	0.00	0.00	0.00
chr11:108225531A>T	0	0	0.00	0.00	0.00	0.00	0.00	0.00	0.00	0.00	0.00	0.00	0.00	0.00	0.00	0.00	0.00	0.00
chr11:108235876G>A	0	0	0.00	0.00	0.00	0.00	0.00	0.00	0.00	0.02	0.00	0.00	0.00	0.00	0.00	0.00	0.00	0.00
chr13:32890595A>T	0	0	unwanted consequence	0.00	0.00	0.00	0.00	0.00	0.00	0.00	0.00	0.00	0.00	0.00	0.00	0.00	0.00	0.00
chr13:32893197A>AT	0	0	unwanted consequence	0.06	0.03	0.03	0.04	0.04	0.03	0.01	0.05	0.04	0.07	0.06	0.06	0.05	0.04	0.03
chr13:32893239G>A	1	0	0.00	0.00	0.00	0.01	0.01	0.01	0.00	0.00	0.00	0.00	0.01	0.00	0.00	0.00	0.00	0.00
chr13:32893241T>C	0	0	0.00	0.00	0.00	0.01	0.01	0.00	0.00	0.00	0.00	0.00	0.00	0.00	0.00	0.00	0.00	0.01
chr13:32893253CT>C	0	0	0.00	0.01	0.00	0.00	0.00	0.00	0.00	0.00	0.00	0.00	0.00	0.00	0.00	0.01	0.00	0.00
chr13:32899260A>T	0	0	0.00	0.00	0.00	0.00	0.00	0.00	0.00	0.00	0.00	0.00	0.00	0.00	0.00	0.00	0.00	0.00
chr13:32900263GT>G	0	0	0.00	0.00	0.00	0.00	0.00	0.00	0.00	0.00	0.00	0.00	0.01	0.00	0.00	0.00	0.00	0.00
chr13:32900475G>T	0	0	unwanted consequence	0.00	0.00	0.00	0.00	0.00	0.00	0.00	0.00	0.00	0.00	0.00	0.00	0.00	0.00	0.00
chr13:32903595C>G	0	0	0.00	0.20	0.51	0.15	0.13	0.17	0.08	0.12	0.14	0.12	0.26	0.01	0.01	0.03	0.19	0.17
chr13:32905064A>G	0	0	unwanted consequence	0.00	0.01	0.01	0.00	0.01	0.01	0.01	0.01	0.00	0.01	0.00	0.01	0.01	0.01	0.00
chr13:32907503A>T	0	0	0.00	0.00	0.00	0.00	0.00	0.00	0.00	0.00	0.00	0.00	0.00	0.00	0.00	0.00	0.00	0.00
chr13:32907527A>T	0	0	0.00	0.00	0.00	0.00	0.00	0.01	0.00	0.00	0.01	0.00	0.01	0.00	0.00	0.00	0.00	0.00
chr13:32911026CT>C	0	0	0.00	0.00	0.00	0.00	0.00	0.00	0.00	0.00	0.00	0.00	0.01	0.00	0.00	0.00	0.00	0.00
chr13:32911765AT>A	1	0	0.00	0.02	0.01	0.00	0.00	0.01	0.00	0.00	0.00	0.00	0.01	0.00	0.00	0.00	0.00	0.00
chr13:32911931A>T	0	0	0.00	0.00	0.00	0.00	0.00	0.00	0.00	0.00	0.00	0.00	0.00	0.00	0.00	0.00	0.00	0.00
chr13:32912466C>CTGCT	1	0	0.00	0.46	0.00	0.00	0.00	0.00	0.00	0.03	0.00	0.00	0.00	0.00	0.00	0.00	0.00	0.00
chr13:32912695TA>T	0	0	0.00	0.00	0.01	0.00	0.00	0.00	0.00	0.00	0.00	0.00	0.00	0.00	0.00	0.00	0.00	0.00
chr13:32914058C>G	0	0	0.00	0.00	0.01	0.00	0.00	0.00	0.00	0.00	0.00	0.00	0.00	0.00	0.00	0.00	0.00	0.00
chr13:32914112AT>A	0	0	0.00	0.00	0.01	0.00	0.00	0.00	0.00	0.00	0.00	0.00	0.00	0.00	0.00	0.00	0.00	0.00
chr13:32914168T>G	0	0	high EXAC frequency (threshold 0.3%)	0.00	0.00	0.00	0.00	0.00	0.01	0.00	0.00	0.00	0.00	0.00	0.02	0.00	0.00	0.00
chr13:32914198T>A	0	0	0.00	0.00	0.00	0.00	0.00	0.00	0.00	0.00	0.00	0.00	0.00	0.00	0.00	0.00	0.00	0.00
chr13:32914251T>G	0	0	0.00	0.00	0.00	0.00	0.00	0.00	0.00	0.00	0.00	0.00	0.00	0.00	0.00	0.00	0.00	0.00
chr13:32914265C>T	1	0	0.00	0.00	0.00	0.00	0.00	0.00	0.00	0.01	0.00	0.00	0.00	0.00	0.00	0.00	0.00	0.00
chr13:32915061TA>T	1	0	0.00	0.00	0.00	0.01	0.00	0.01	0.00	0.00	0.01	0.01	0.00	0.00	0.02	0.01	0.00	0.01
chr13:32915299T>A	0	0	unwanted consequence	0.00	0.00	0.00	0.00	0.00	0.00	0.00	0.00	0.00	0.00	0.00	0.00	0.00	0.00	0.00
chr13:32918794A>G	0	0	0.00	0.00	0.01	0.00	0.00	0.00	0.00	0.01	0.00	0.00	0.00	0.00	0.00	0.00	0.01	0.00
chr13:32921015T>G	0	0	0.00	0.02	0.04	0.01	0.01	0.01	0.00	0.01	0.01	0.01	0.02	0.00	0.00	0.00	0.02	0.01
chr13:32930589C>T	0	0	0.00	0.00	0.00	0.00	0.00	0.00	0.00	0.00	0.00	0.00	0.00	0.00	0.00	0.00	0.01	0.00
chr13:32930593A>G	0	0	unwanted consequence	0.00	0.00	0.01	0.00	0.02	0.00	0.00	0.00	0.00	0.00	0.00	0.00	0.01	0.01	0.00
chr13:32930603G>A	0	0	0.00	0.00	0.00	0.00	0.00	0.00	0.00	0.00	0.00	0.00	0.00	0.00	0.00	0.00	0.00	0.00
chr13:32930618A>G	0	0	0.00	0.00	0.00	0.00	0.00	0.01	0.00	0.00	0.00	0.00	0.02	0.00	0.00	0.00	0.00	0.00
chr13:32937685A>G	0	0	unwanted consequence	0.00	0.00	0.00	0.00	0.00	0.05	0.00	0.00	0.01	0.00	0.02	0.08	0.01	0.01	0.00
chr13:32944539A>T	0	0	0.00	0.00	0.00	0.00	0.00	0.00	0.00	0.00	0.00	0.00	0.00	0.00	0.00	0.00	0.00	0.00
chr13:32950763T>A	0	0	unwanted consequence	0.00	0.00	0.00	0.00	0.00	0.00	0.00	0.00	0.00	0.00	0.00	0.00	0.00	0.00	0.00
chr13:32950938T>C	0	0	unwanted consequence	0.00	0.00	0.00	0.00	0.00	0.00	0.00	0.00	0.00	0.00	0.01	0.00	0.00	0.00	0.00
chr13:32950939A>C	0	0	unwanted consequence	0.00	0.00	0.00	0.00	0.00	0.00	0.00	0.00	0.00	0.00	0.00	0.00	0.00	0.00	0.00
chr13:32953908CA>C	0	0	0.00	0.00	0.00	0.00	0.00	0.00	0.00	0.00	0.00	0.00	0.00	0.00	0.00	0.00	0.00	0.00
chr13:32954085T>A	0	0	unwanted consequence	0.03	0.04	0.04	0.02	0.01	0.02	0.02	0.01	0.01	0.03	0.02	0.01	0.01	0.03	0.03
chr13:32954123T>A	0	0	unwanted consequence	0.00	0.00	0.00	0.00	0.00	0.00	0.00	0.00	0.00	0.00	0.00	0.00	0.00	0.00	0.00
chr13:32971198T>C	0	0	unwanted consequence	0.00	0.02	0.00	0.01	0.00	0.01	0.00	0.00	0.01	0.01	0.00	0.00	0.01	0.00	0.01
chr17:41197708T>G	0	0	high EXAC frequency (threshold 0.3%)	0.01	0.01	0.01	0.01	0.02	0.04	0.01	0.03	0.01	0.02	0.03	0.02	0.01	0.01	0.01
chr17:41197714A>G	0	0	0.00	0.01	0.00	0.02	0.01	0.01	0.02	0.01	0.01	0.02	0.02	0.01	0.02	0.01	0.01	0.04
chr17:41197722T>G	0	0	unwanted consequence	0.01	0.00	0.01	0.01	0.02	0.01	0.01	0.01	0.01	0.00	0.00	0.01	0.01	0.01	0.01
chr17:41197729T>G	0	0	0.00	0.00	0.01	0.01	0.01	0.01	0.02	0.01	0.00	0.01	0.00	0.00	0.01	0.01	0.00	0.01
chr17:41197733T>G	0	0	0.00	0.00	0.00	0.00	0.01	0.00	0.00	0.00	0.00	0.00	0.00	0.00	0.00	0.00	0.00	0.00
chr17:41197753T>G	0	0	0.00	0.00	0.00	0.00	0.00	0.00	0.00	0.00	0.00	0.00	0.00	0.00	0.00	0.00	0.00	0.00
chr17:41197797T>G	0	0	unwanted consequence	0.00	0.00	0.00	0.00	0.00	0.00	0.00	0.00	0.00	0.00	0.00	0.00	0.00	0.00	0.00
chr17:41197850T>G	0	0	unwanted consequence	0.00	0.00	0.00	0.00	0.00	0.00	0.00	0.00	0.00	0.00	0.00	0.00	0.00	0.00	0.00
chr17:41203182A>G	0	0	unwanted consequence	0.01	0.00	0.00	0.00	0.00	0.00	0.00	0.00	0.00	0.00	0.00	0.00	0.00	0.00	0.00
chr17:41209034T>G	0	0	unwanted consequence	0.00	0.00	0.00	0.00	0.00	0.00	0.00	0.01	0.00	0.00	0.00	0.00	0.00	0.00	0.00
chr17:41209083A>G	0	0	0.00	0.00	0.00	0.00	0.00	0.00	0.00	0.00	0.01	0.00	0.00	0.00	0.00	0.00	0.00	0.01
chr17:41209102A>G	0	0	unwanted consequence	0.04	0.04	0.03	0.02	0.02	0.01	0.03	0.03	0.03	0.01	0.00	0.02	0.05	0.03	0.02
chr17:41215255A>G	0	0	unwanted consequence	0.00	0.00	0.00	0.00	0.00	0.00	0.00	0.08	0.00	0.00	0.00	0.05	0.00	0.00	0.00
chr17:41215261A>G	0	0	unwanted consequence	0.00	0.00	0.00	0.00	0.00	0.00	0.00	0.00	0.07	0.00	0.00	0.00	0.00	0.00	0.00
chr17:41216017G>A	0	0	unwanted consequence	0.01	0.00	0.00	0.00	0.00	0.00	0.00	0.00	0.00	0.00	0.00	0.00	0.00	0.00	0.00
chr17:41226514T>C	0	0	unwanted consequence	0.00	0.00	0.00	0.01	0.00	0.00	0.01	0.00	0.01	0.00	0.00	0.00	0.00	0.00	0.00
chr17:41231309AT>A	0	0	unwanted consequence	0.00	0.00	0.00	0.00	0.00	0.00	0.01	0.00	0.00	0.00	0.00	0.00	0.00	0.00	0.00
chr17:41234578C>T	0	0	0.00	0.00	0.00	0.00	0.00	0.00	0.00	0.01	0.00	0.00	0.00	0.00	0.00	0.01	0.00	0.00
chr17:41244246C>T	0	0	0.00	0.00	0.00	0.00	0.00	0.00	0.47	0.00	0.00	0.00	0.03	0.00	0.01	0.01	0.00	0.00
chr17:41245260G>A	0	0	0.00	0.00	0.00	0.00	0.50	0.00	0.00	0.00	0.00	0.01	0.00	0.00	0.00	0.00	0.01	0.00
chr17:41246878C>A	1	0	0.00	0.00	0.00	0.00	0.00	0.00	0.00	0.00	0.00	0.00	0.00	0.00	0.01	0.01	0.00	0.01
chr17:41249299A>G	0	0	unwanted consequence	0.01	0.00	0.00	0.00	0.00	0.00	0.00	0.00	0.00	0.00	0.00	0.00	0.00	0.00	0.00
chr17:41256084A>G	0	0	unwanted consequence	0.01	0.00	0.00	0.00	0.01	0.01	0.01	0.00	0.00	0.00	0.00	0.00	0.00	0.00	0.00
chr17:41256087GA>G	0	0	unwanted consequence	0.09	0.08	0.08	0.07	0.08	0.06	0.09	0.07	0.06	0.08	0.07	0.07	0.06	0.06	0.00
chr17:41256089AAAAAAAAAGAAAAG>A	0	0	unwanted consequence	0.00	0.00	0.00	0.00	0.00	0.00	0.00	0.00	0.00	0.00	0.00	0.00	0.00	0.00	0.00
chr17:41256101A>G	0	0	unwanted consequence	0.00	0.01	0.00	0.00	0.00	0.00	0.00	0.00	0.00	0.00	0.00	0.00	0.00	0.00	0.00
chr17:41256103G>A	0	0	unwanted consequence	0.01	0.00	0.03	0.00	0.00	0.01	0.00	0.00	0.00	0.01	0.01	0.01	0.00	0.00	0.00
chr17:41256126C>A	0	0	unwanted consequence	0.00	0.00	0.01	0.00	0.00	0.00	0.00	0.00	0.00	0.00	0.00	0.00	0.00	0.00	0.00
chr17:41256254T>A	0	0	0.00	0.00	0.00	0.00	0.00	0.00	0.00	0.00	0.00	0.00	0.00	0.00	0.00	0.00	0.00	0.01
chr17:41267732T>C	0	0	unwanted consequence	0.00	0.00	0.00	0.00	0.01	0.00	0.00	0.00	0.00	0.00	0.00	0.00	0.00	0.00	0.00
chr17:41267737A>G	0	0	0.00	0.00	0.00	0.00	0.00	0.00	0.00	0.00	0.00	0.00	0.00	0.00	0.00	0.00	0.00	0.00
chr17:41267739T>A	0	0	0.00	0.00	0.00	0.00	0.00	0.00	0.00	0.00	0.00	0.00	0.00	0.00	0.00	0.00	0.00	0.00
chr11:108128226G>A	0	1	0.00	0.00	0.00	0.00	0.00	0.00	0.00	0.00	0.00	0.00	0.00	0.00	0.00	0.00	0.00	0.00
chr11:108175550G>A	0	1	0.00	0.00	0.00	0.00	0.00	0.00	0.01	0.00	0.00	0.00	0.00	0.00	0.03	0.01	0.00	0.00
chr13:32893197AT>A	0	1	high EXAC frequency (threshold 0.3%)	0.08	0.09	0.10	0.08	0.08	0.07	0.08	0.07	0.08	0.07	0.08	0.08	0.09	0.09	0.08
chr13:32905219AT>A	0	1	high EXAC frequency (threshold 0.3%)	0.14	0.16	0.13	0.13	0.14	0.14	0.14	0.12	0.12	0.11	0.13	0.12	0.14	0.15	0.14
chr13:32932003T>C	0	1	0.00	0.03	0.03	0.02	0.03	0.01	0.02	0.02	0.02	0.01	0.03	0.02	0.00	0.01	0.03	0.03
chr17:41209079T>TG	1	1	0.00	0.00	0.00	0.00	0.00	0.00	0.42	0.00	0.00	0.00	0.00	0.00	0.00	0.00	0.00	0.00
chr17:41242938GCA>G	0	1	high EXAC frequency (threshold 0.3%)	0.01	0.03	0.03	0.05	0.04	0.01	0.05	0.05	0.06	0.02	0.03	0.02	0.05	0.04	0.02
chr17:41256087G>A	0	1	unwanted consequence	0.02	0.02	0.04	0.02	0.04	0.03	0.02	0.02	0.03	0.03	0.03	0.02	0.01	0.02	0.00
chr17:41256087G>GA	0	1	unwanted consequence	0.05	0.05	0.04	0.05	0.07	0.04	0.05	0.03	0.02	0.04	0.04	0.03	0.07	0.05	0.00
chr17:41258504A>C	1	1	0.00	0.00	0.69	0.00	0.00	0.00	0.00	0.00	0.00	0.00	0.00	0.00	0.00	0.00	0.00	0.00
chr22:29091800C>T	0	1	0.00	0.00	0.00	0.00	0.00	0.00	0.00	0.00	0.00	0.00	0.00	0.04	0.00	0.00	0.00	0.00
chr11:108202391T>G	0	2	unwanted consequence	0.00	0.00	0.00	0.00	0.00	0.00	0.00	0.00	0.48	0.00	0.00	0.00	0.00	0.00	0.00
chr13:32907407A>G	0	2	high EXAC/TOPMED frequency (threshold 0.1%)	0.03	0.00	0.00	0.00	0.00	0.00	0.41	0.00	0.00	0.00	0.00	0.01	0.00	0.01	0.00
chr13:32907535C>CT	0	2	unwanted consequence	0.09	0.09	0.08	0.09	0.09	0.11	0.10	0.09	0.09	0.08	0.09	0.08	0.08	0.08	0.10
chr17:41243891C>T	0	2	unwanted consequence	0.01	0.00	0.00	0.00	0.00	0.00	0.00	0.00	0.00	0.00	0.00	0.00	0.00	0.00	0.01
chr17:41256074C>CA	0	2	unwanted consequence	0.09	0.07	0.09	0.06	0.11	0.05	0.06	0.06	0.06	0.07	0.04	0.05	0.09	0.06	0.00
chr17:41256074CAAAAAAAAAAAAG>C	0	2	unwanted consequence	0.00	0.00	0.00	0.06	0.00	0.07	0.00	0.07	0.05	0.01	0.03	0.06	0.00	0.04	0.11
chr11:108164245CAT>C	0	3	unwanted consequence	0.00	0.00	0.00	0.00	0.00	0.41	0.00	0.00	0.00	0.31	0.10	0.00	0.00	0.00	0.00
chr11:108188266A>AT	0	3	unwanted consequence	0.12	0.12	0.15	0.13	0.14	0.15	0.11	0.11	0.08	0.08	0.10	0.13	0.10	0.12	0.10
chr13:32905219A>AT	0	3	high TOPMED frequency (threshold 0.3%)	0.16	0.10	0.13	0.15	0.13	0.13	0.13	0.12	0.15	0.12	0.12	0.13	0.11	0.12	0.13
chr13:32936620A>G	0	3	high EXAC frequency (threshold 0.3%)	0.25	0.22	0.23	0.19	0.20	0.22	0.22	0.18	0.19	0.21	0.23	0.21	0.19	0.14	0.21
chr17:41256098G>A	0	3	unwanted consequence	0.00	0.01	0.01	0.00	0.01	0.00	0.00	0.01	0.00	0.01	0.01	0.00	0.01	0.00	0.00
chr11:108121686G>A	0	4	unwanted consequence	0.26	0.00	0.00	0.00	0.00	0.00	0.02	0.00	0.00	0.00	0.00	0.00	0.00	0.00	0.00
chr11:108224389G>A	0	4	high TOPMED frequency (threshold 0.3%)	0.01	0.00	0.00	0.00	0.55	0.00	0.00	0.00	0.01	0.01	0.01	0.02	0.00	0.00	0.00
chr13:32907535CT>C	0	4	unwanted consequence	0.11	0.17	0.11	0.11	0.13	0.15	0.15	0.14	0.13	0.12	0.14	0.13	0.12	0.13	0.12
chr22:29121242G>A	0	4	0.00	0.00	0.00	0.00	0.00	0.00	0.00	0.00	0.00	0.00	0.00	0.00	0.00	0.00	0.00	0.50
chr11:108188266AT>A	0	5	high TOPMED frequency (threshold 0.3%)	0.17	0.18	0.17	0.14	0.15	0.15	0.20	0.15	0.16	0.20	0.17	0.14	0.21	0.15	0.19
chr13:32893207T>A	0	5	high EXAC/TOPMED frequency (threshold 0.1%)	0.00	0.00	0.00	0.00	0.00	0.00	0.00	0.00	0.00	0.00	0.00	0.00	0.00	0.00	0.00
chr11:108114661A>AT	0	6	unwanted consequence	0.10	0.13	0.09	0.09	0.09	0.09	0.10	0.10	0.11	0.08	0.09	0.10	0.14	0.08	0.10
chr11:108114661AT>A	0	6	unwanted consequence	0.16	0.17	0.18	0.16	0.17	0.15	0.17	0.20	0.18	0.17	0.23	0.14	0.19	0.18	0.16
chr17:41256121G>A	0	7	unwanted consequence	0.00	0.01	0.00	0.01	0.01	0.02	0.00	0.01	0.00	0.01	0.01	0.01	0.01	0.00	0.01
chr11:108100085A>G	0	8	unwanted consequence	0.37	0.38	0.40	0.33	0.33	0.36	0.36	0.35	0.35	0.37	0.30	0.05	0.28	0.37	0.36
chr11:108127145G>A	0	9	high TOPMED frequency (threshold 0.3%)	0.00	0.00	0.01	0.00	0.00	0.00	0.45	0.00	0.00	0.00	0.00	0.03	0.00	0.00	0.00
chr11:108175463A>T	0	11	high EXAC frequency (threshold 0.3%)	0.00	0.00	0.00	0.00	0.47	0.00	0.00	0.00	0.00	0.00	0.00	0.00	0.00	0.00	0.00
chr17:41256074CA>C	0	11	high TOPMED frequency (threshold 0.3%)	0.10	0.11	0.14	0.10	0.11	0.07	0.10	0.06	0.09	0.12	0.08	0.05	0.12	0.06	0.01
chr17:41256075AAAAAAAAAAAAG>A	0	12	high TOPMED frequency (threshold 0.3%)	0.00	0.00	0.00	0.46	0.00	0.34	0.00	0.42	0.42	0.00	0.32	0.38	0.01	0.46	0.79
chr17:41244429C>T	0	14	high EXAC frequency (threshold 0.3%)	0.00	0.00	0.00	0.00	0.00	0.16	0.00	0.00	0.00	0.19	0.00	0.00	0.00	0.00	0.00
chr11:108121410CT>C	0	15	unwanted consequence	0.05	0.05	0.02	0.06	0.02	0.02	0.02	0.02	0.02	0.04	0.03	0.02	0.04	0.09	0.04
chr11:108121410C>CT	0	16	high TOPMED frequency (threshold 0.3%)	0.17	0.12	0.15	0.11	0.18	0.06	0.14	0.18	0.17	0.30	0.14	0.03	0.28	0.07	0.11
chr13:32912477A>C	0	19	unwanted consequence	0.02	0.01	0.03	0.03	0.04	0.05	0.02	0.03	0.02	0.02	0.05	0.04	0.07	0.05	0.05
chr11:108141955CT>C	0	23	unwanted consequence	0.08	0.16	0.12	0.11	0.08	0.14	0.14	0.09	0.10	0.05	0.11	0.15	0.08	0.08	0.08
chr13:32911375G>A	0	24	high EXAC/TOPMED frequency (threshold 0.1%)	0.00	0.00	0.01	0.00	0.51	0.01	0.00	0.00	0.00	0.00	0.00	0.00	0.00	0.00	0.00
chr11:108224615A>C	0	42	high EXAC frequency (threshold 0.3%)	0.00	0.00	0.00	0.00	0.00	0.00	0.01	0.00	0.50	0.00	0.00	0.00	0.00	0.00	0.00
chr13:32914236C>T	0	44	high EXAC frequency (threshold 0.3%)	0.36	0.00	0.28	0.00	0.53	0.00	0.32	0.00	0.00	0.01	0.00	0.00	0.00	0.33	0.00
chr17:41222975C>T	0	47	high EXAC frequency (threshold 0.3%)	0.00	0.00	0.00	0.00	0.00	0.00	0.00	0.00	0.00	0.00	0.00	0.37	0.00	0.00	0.00
chr17:41245471C>T	0	48	high EXAC frequency (threshold 0.3%)	0.00	0.00	0.00	0.53	0.00	0.00	0.00	0.54	0.00	0.00	0.00	0.00	0.00	0.00	0.00
chr22:29121087A>G	0	51	high EXAC frequency (threshold 0.3%)	0.00	0.00	0.00	0.00	0.00	0.00	0.00	0.00	0.00	0.00	0.00	0.00	0.00	0.00	0.00
chr13:32906480A>C	0	52	high EXAC frequency (threshold 0.3%)	0.00	0.17	0.00	0.00	0.00	0.00	0.00	0.00	0.00	0.00	0.00	0.00	0.00	0.00	0.00
chr13:32899388A>C	0	55	high TOPMED frequency (threshold 0.3%)	0.00	0.00	0.00	0.00	0.00	0.00	0.00	0.00	0.00	0.00	0.00	0.00	0.17	0.00	0.00
chr13:32906980A>G	0	58	high EXAC frequency (threshold 0.3%)	0.00	0.05	0.00	0.00	0.00	0.00	0.00	0.00	0.00	0.00	0.00	0.00	0.06	0.00	0.00
chr13:32911463A>G	0	58	high EXAC frequency (threshold 0.3%)	0.01	0.01	0.00	0.00	0.00	0.01	0.00	0.01	0.00	0.00	0.01	0.00	0.11	0.00	0.00
chr13:32910721T>C	0	59	high EXAC frequency (threshold 0.3%)	0.01	0.07	0.00	0.00	0.00	0.00	0.00	0.00	0.00	0.00	0.00	0.00	0.06	0.00	0.00
chr17:41256100AAAG>A	0	64	unwanted consequence	0.00	0.02	0.01	0.46	0.02	0.38	0.01	0.42	0.39	0.02	0.35	0.41	0.03	0.45	0.98
chr11:108175394T>C	0	71	high EXAC frequency (threshold 0.3%)	0.00	0.00	0.00	0.00	0.00	0.00	0.00	0.44	0.01	0.00	0.00	0.00	0.00	0.00	0.00
chr17:41246481T>C	0	83	high EXAC frequency (threshold 0.3%)	0.00	0.62	0.47	0.00	0.00	0.00	0.00	0.00	0.47	0.00	0.01	0.00	0.54	0.51	0.00
chr13:32972841C>T	0	89	unwanted consequence	0.02	0.01	0.02	0.01	0.01	0.02	0.02	0.01	0.02	0.01	0.02	0.04	0.01	0.02	0.01
chr17:41249363TA>T	0	90	high TOPMED frequency (threshold 0.3%)	0.01	0.00	0.00	0.07	0.00	0.09	0.00	0.06	0.06	0.00	0.09	0.07	0.00	0.06	0.15
chr11:108198244A>T	0	199	unwanted consequence	0.32	0.26	0.18	0.17	0.22	0.25	0.20	0.34	0.24	0.27	0.26	0.17	0.32	0.33	0.32
chr13:32912299T>C	0	203	high EXAC frequency (threshold 0.3%)	0.00	0.06	0.49	0.49	0.00	0.53	0.00	0.00	0.00	0.01	0.49	0.50	0.48	0.99	0.00
chr13:32915176A>T	0	207	unwanted consequence	0.21	0.23	0.17	0.15	0.15	0.10	0.14	0.16	0.15	0.23	0.07	0.01	0.10	0.16	0.18
chr13:32903685C>T	0	215	high TOPMED frequency (threshold 0.3%)	0.00	0.00	0.00	0.54	0.00	0.00	0.99	0.52	1.00	0.00	0.03	0.97	0.00	0.00	0.00
chr17:41251931G>A	0	235	high EXAC frequency (threshold 0.3%)	0.50	0.52	0.50	0.00	0.46	0.52	0.46	0.51	0.50	0.00	0.00	0.01	0.81	0.45	0.00
chr11:108150207CT>C	0	237	high TOPMED frequency (threshold 0.3%)	0.49	0.00	0.00	0.00	0.00	0.46	0.03	0.52	0.00	0.04	0.00	0.00	0.00	0.00	0.00
chr11:108175462G>A	0	251	high EXAC frequency (threshold 0.3%)	0.18	0.00	0.00	0.00	0.00	0.33	0.16	0.47	0.00	0.30	0.21	0.00	0.00	0.00	0.00
chr13:32906729A>C	0	272	high EXAC frequency (threshold 0.3%)	0.49	0.00	0.00	0.00	0.00	0.93	0.03	0.00	0.00	0.01	0.00	0.00	0.00	0.00	0.00
chr13:32929232A>G	0	292	high EXAC frequency (threshold 0.3%)	0.11	0.87	0.36	0.00	0.99	0.44	0.38	0.01	0.00	0.13	0.00	0.49	0.47	0.07	1.00
chr13:32890572G>A	0	343	high EXAC frequency (threshold 0.3%)	0.00	0.81	0.54	0.00	0.99	0.51	0.51	0.48	0.00	0.00	0.49	0.00	0.49	0.00	0.99
chr17:41215825C>T	0	356	high TOPMED frequency (threshold 0.3%)	0.00	0.01	0.02	0.54	0.00	0.48	0.00	0.55	0.47	0.02	0.48	0.55	0.00	0.39	1.00
chr17:41245237A>G	0	358	high EXAC frequency (threshold 0.3%)	0.01	0.00	0.48	0.50	0.00	0.02	0.00	0.49	0.54	0.50	0.11	0.09	0.01	0.03	1.00
chr17:41245466G>A	0	358	high EXAC frequency (threshold 0.3%)	0.00	0.00	0.28	0.52	0.00	0.30	0.00	0.54	0.47	0.36	0.34	0.35	0.00	0.21	1.00
chr17:41234470A>G	0	361	high EXAC frequency (threshold 0.3%)	0.00	0.00	0.51	0.50	0.00	0.01	0.00	0.50	0.47	0.50	0.07	0.04	0.01	0.01	1.00
chr17:41244435T>C	0	367	high EXAC frequency (threshold 0.3%)	0.00	0.01	0.23	0.50	0.00	0.28	0.00	0.51	0.46	0.33	0.37	0.41	0.01	0.21	1.00
chr17:41244000T>C	0	369	high EXAC frequency (threshold 0.3%)	0.00	0.00	0.25	0.51	0.00	0.32	0.01	0.51	0.51	0.35	0.45	0.41	0.00	0.28	1.00
chr17:41223094T>C	0	371	high EXAC frequency (threshold 0.3%)	0.00	0.00	0.28	0.42	0.00	0.25	0.01	0.53	0.46	0.41	0.27	0.31	0.00	0.12	1.00
chr17:41244936G>A	0	371	high EXAC frequency (threshold 0.3%)	0.00	0.00	0.25	0.46	0.00	0.35	0.00	0.55	0.51	0.40	0.36	0.40	0.00	0.22	0.99
chr13:32972707T>C	0	379	unwanted consequence	0.08	0.08	0.06	0.04	0.04	0.03	0.07	0.02	0.05	0.06	0.05	0.02	0.05	0.05	0.05
chr13:32911888A>G	0	405	high EXAC frequency (threshold 0.3%)	0.34	0.57	0.25	0.01	1.00	0.33	0.25	0.49	0.00	0.38	0.39	0.41	0.60	0.31	1.00
chr11:108205849T>C	0	406	unwanted consequence	0.23	0.20	0.18	0.14	0.22	0.14	0.29	0.20	0.21	0.13	0.20	0.08	0.21	0.25	0.30
chr13:32953388T>C	0	441	high TOPMED frequency (threshold 0.3%)	1.00	0.46	0.00	0.49	1.00	0.00	0.99	0.51	0.99	0.41	0.06	0.96	0.98	0.44	0.99
chr11:108225483C>T	0	442	high TOPMED frequency (threshold 0.3%)	0.99	0.99	0.00	0.49	1.00	1.00	1.00	1.00	1.00	0.55	0.00	0.01	0.49	1.00	0.50
chr11:108143182C>T	0	444	high TOPMED frequency (threshold 0.3%)	1.00	0.99	0.01	0.50	0.99	0.99	1.00	1.00	1.00	0.56	0.00	0.01	0.55	1.00	0.48
chr13:32936646T>C	0	504	high EXAC frequency (threshold 0.3%)	1.00	1.00	0.57	0.48	1.00	0.52	1.00	0.51	1.00	0.00	0.00	0.52	0.54	0.00	1.00
chr11:108225661A>G	0	509	high TOPMED frequency (threshold 0.3%)	0.99	0.53	1.00	0.47	1.00	0.59	0.99	0.99	1.00	0.99	1.00	0.49	1.00	0.00	0.50
chr17:41201012A>G	0	510	unwanted consequence	0.17	0.11	0.15	0.13	0.17	0.08	0.15	0.07	0.18	0.13	0.18	0.16	0.13	0.16	0.19
chr11:108098459TAA>T	0	552	high EXAC frequency (threshold 0.3%)	0.95	0.49	0.66	0.51	0.99	0.51	0.73	0.46	0.99	0.46	0.03	0.11	0.90	0.11	0.46
chr13:32913055A>G	0	636	high EXAC frequency (threshold 0.3%)	1.00	1.00	1.00	1.00	1.00	1.00	1.00	1.00	1.00	1.00	1.00	1.00	1.00	1.00	1.00
chr13:32915005G>C	0	640	high EXAC frequency (threshold 0.3%)	1.00	1.00	1.00	1.00	1.00	1.00	1.00	1.00	1.00	1.00	1.00	1.00	1.00	1.00	1.00
chr13:32929387T>C	0	650	high EXAC frequency (threshold 0.3%)	1.00	1.00	1.00	1.00	1.00	1.00	0.99	1.00	1.00	0.99	1.00	1.00	1.00	1.00	1.00
chr11:108183167A>G	0	932	high EXAC frequency (threshold 0.3%)	0.92	0.90	0.95	0.98	0.96	0.98	0.95	0.95	0.96	0.78	0.99	1.00	0.95	0.89	0.95